Map,Map Seed,Uncertainty,Number of Agents,Agent Seed,With BP,With PC,With Communication,Sensing Probability,Initial Runtime (secs),Online Runtime (secs),Success,Nodes Generated Initially,Initial Min SOC,Initial Max SOC,Initial Uncertainty,Initial True Cost,Final Min SOC,Final Max SOC,Final Uncertainty,Distribution,Final True Cost,Objective,Effect on True Cost,True Cost Change,Min SIC,Max SIC,Makespan,Throughput,Number of Collisions,Planner Time
PSIS Experiment Map,96372106,0,128,10737296,True,True,True,1.0,-1,-1,0,407,-1,-1,-1,-1,-1,-1,-1,max,-1,Min Best Case,No Change,0,-1,-1,-1,-1,-1,-1
PSIS Experiment Map,96372106,0,128,10737297,True,True,True,1.0,-1,-1,0,359,-1,-1,-1,-1,-1,-1,-1,max,-1,Min Best Case,No Change,0,-1,-1,-1,-1,-1,-1
PSIS Experiment Map,96372106,0,128,10737298,True,True,True,1.0,-1,-1,0,249,-1,-1,-1,-1,-1,-1,-1,max,-1,Min Best Case,No Change,0,-1,-1,-1,-1,-1,-1
PSIS Experiment Map,96372106,0,128,10737299,True,True,True,1.0,-1,-1,0,359,-1,-1,-1,-1,-1,-1,-1,max,-1,Min Best Case,No Change,0,-1,-1,-1,-1,-1,-1
PSIS Experiment Map,96372106,0,128,10737300,True,True,True,1.0,-1,-1,0,353,-1,-1,-1,-1,-1,-1,-1,max,-1,Min Best Case,No Change,0,-1,-1,-1,-1,-1,-1
PSIS Experiment Map,96372106,0,128,10737301,True,True,True,1.0,-1,-1,0,903,-1,-1,-1,-1,-1,-1,-1,max,-1,Min Best Case,No Change,0,-1,-1,-1,-1,-1,-1
PSIS Experiment Map,96372106,0,128,10737302,True,True,True,1.0,-1,-1,0,383,-1,-1,-1,-1,-1,-1,-1,max,-1,Min Best Case,No Change,0,-1,-1,-1,-1,-1,-1
PSIS Experiment Map,96372106,0,128,10737303,True,True,True,1.0,-1,-1,0,531,-1,-1,-1,-1,-1,-1,-1,max,-1,Min Best Case,No Change,0,-1,-1,-1,-1,-1,-1
PSIS Experiment Map,96372106,0,128,10737304,True,True,True,1.0,-1,-1,0,375,-1,-1,-1,-1,-1,-1,-1,max,-1,Min Best Case,No Change,0,-1,-1,-1,-1,-1,-1
PSIS Experiment Map,96372106,0,128,10737305,True,True,True,1.0,-1,-1,0,187,-1,-1,-1,-1,-1,-1,-1,max,-1,Min Best Case,No Change,0,-1,-1,-1,-1,-1,-1
PSIS Experiment Map,96372106,0,128,10737306,True,True,True,1.0,-1,-1,0,411,-1,-1,-1,-1,-1,-1,-1,max,-1,Min Best Case,No Change,0,-1,-1,-1,-1,-1,-1
PSIS Experiment Map,96372106,0,128,10737307,True,True,True,1.0,-1,-1,0,1005,-1,-1,-1,-1,-1,-1,-1,max,-1,Min Best Case,No Change,0,-1,-1,-1,-1,-1,-1
PSIS Experiment Map,96372106,0,128,10737308,True,True,True,1.0,-1,-1,0,213,-1,-1,-1,-1,-1,-1,-1,max,-1,Min Best Case,No Change,0,-1,-1,-1,-1,-1,-1
PSIS Experiment Map,96372106,0,128,10737309,True,True,True,1.0,-1,-1,0,555,-1,-1,-1,-1,-1,-1,-1,max,-1,Min Best Case,No Change,0,-1,-1,-1,-1,-1,-1
PSIS Experiment Map,96372106,0,128,10737310,True,True,True,1.0,-1,-1,0,487,-1,-1,-1,-1,-1,-1,-1,max,-1,Min Best Case,No Change,0,-1,-1,-1,-1,-1,-1
PSIS Experiment Map,96372106,0,128,10737311,True,True,True,1.0,-1,-1,0,661,-1,-1,-1,-1,-1,-1,-1,max,-1,Min Best Case,No Change,0,-1,-1,-1,-1,-1,-1
PSIS Experiment Map,96372106,0,128,10737312,True,True,True,1.0,-1,-1,0,803,-1,-1,-1,-1,-1,-1,-1,max,-1,Min Best Case,No Change,0,-1,-1,-1,-1,-1,-1
PSIS Experiment Map,96372106,0,128,10737313,True,True,True,1.0,-1,-1,0,271,-1,-1,-1,-1,-1,-1,-1,max,-1,Min Best Case,No Change,0,-1,-1,-1,-1,-1,-1
PSIS Experiment Map,96372106,0,128,10737314,True,True,True,1.0,-1,-1,0,335,-1,-1,-1,-1,-1,-1,-1,max,-1,Min Best Case,No Change,0,-1,-1,-1,-1,-1,-1
PSIS Experiment Map,96372106,0,128,10737315,True,True,True,1.0,-1,-1,0,319,-1,-1,-1,-1,-1,-1,-1,max,-1,Min Best Case,No Change,0,-1,-1,-1,-1,-1,-1
PSIS Experiment Map,96372106,0,32,10737296,True,True,True,1.0,170.72836804389954,0.02247476577758789,1,56,1158,1158,0,1158,1158,1158,0,max,1158,Min Best Case,No Change,0,1153,1153,78,0.41025641025641024,0,170.73825788497925
PSIS Experiment Map,96372106,0,32,10737297,True,True,True,1.0,116.76166987419128,0.023045778274536133,1,349,1272,1272,0,1272,1272,1272,0,max,1272,Min Best Case,No Change,0,1263,1263,80,0.4,0,116.77122020721436
PSIS Experiment Map,96372106,0,32,10737298,True,True,True,1.0,69.19778490066528,0.024994373321533203,1,40,981,981,0,981,981,981,0,max,981,Min Best Case,No Change,0,978,978,81,0.3950617283950617,0,69.21017217636108
PSIS Experiment Map,96372106,0,32,10737299,True,True,True,1.0,-1,-1,0,42,-1,-1,-1,-1,-1,-1,-1,max,-1,Min Best Case,No Change,0,-1,-1,-1,-1,-1,-1
PSIS Experiment Map,96372106,0,32,10737300,True,True,True,1.0,190.34751915931702,0.022823810577392578,1,102,1069,1069,0,1069,1069,1069,0,max,1069,Min Best Case,No Change,0,1062,1062,79,0.4050632911392405,0,190.3579375743866
PSIS Experiment Map,96372106,0,32,10737301,True,True,True,1.0,62.72943687438965,0.019296884536743164,1,180,1073,1073,0,1073,1073,1073,0,max,1073,Min Best Case,No Change,0,1066,1066,65,0.49230769230769234,0,62.73669195175171
PSIS Experiment Map,96372106,0,32,10737302,True,True,True,1.0,24.73793888092041,0.021729707717895508,1,144,1132,1132,0,1132,1132,1132,0,max,1132,Min Best Case,No Change,0,1123,1123,74,0.43243243243243246,0,24.747194528579712
PSIS Experiment Map,96372106,0,32,10737303,True,True,True,1.0,0.775825023651123,0.03472280502319336,1,30,1156,1156,0,1156,1156,1156,0,max,1156,Min Best Case,No Change,0,1155,1155,85,0.3764705882352941,0,0.7965812683105469
PSIS Experiment Map,96372106,0,32,10737304,True,True,True,1.0,53.73941922187805,0.01976180076599121,1,84,1265,1265,0,1265,1265,1265,0,max,1265,Min Best Case,No Change,0,1257,1257,67,0.47761194029850745,0,53.74639058113098
PSIS Experiment Map,96372106,0,32,10737305,True,True,True,1.0,-1,-1,0,89,-1,-1,-1,-1,-1,-1,-1,max,-1,Min Best Case,No Change,0,-1,-1,-1,-1,-1,-1
PSIS Experiment Map,96372106,0,32,10737306,True,True,True,1.0,-1,-1,0,422,-1,-1,-1,-1,-1,-1,-1,max,-1,Min Best Case,No Change,0,-1,-1,-1,-1,-1,-1
PSIS Experiment Map,96372106,0,32,10737307,True,True,True,1.0,84.20627403259277,0.021099328994750977,1,36,998,998,0,998,998,998,0,max,998,Min Best Case,No Change,0,994,994,70,0.45714285714285713,0,84.21524429321289
PSIS Experiment Map,96372106,0,32,10737308,True,True,True,1.0,149.46996331214905,0.020186662673950195,1,36,1026,1026,0,1026,1026,1026,0,max,1026,Min Best Case,No Change,0,1022,1022,68,0.47058823529411764,0,149.47852087020874
PSIS Experiment Map,96372106,0,32,10737309,True,True,True,1.0,35.45794701576233,0.025293588638305664,1,71,1074,1074,0,1074,1074,1074,0,max,1074,Min Best Case,No Change,0,1064,1064,81,0.3950617283950617,0,35.4700448513031
PSIS Experiment Map,96372106,0,32,10737310,True,True,True,1.0,-1,-1,0,107,-1,-1,-1,-1,-1,-1,-1,max,-1,Min Best Case,No Change,0,-1,-1,-1,-1,-1,-1
PSIS Experiment Map,96372106,0,32,10737311,True,True,True,1.0,285.486132144928,0.027379751205444336,1,379,1156,1156,0,1156,1156,1156,0,max,1156,Min Best Case,No Change,0,1146,1146,88,0.36363636363636365,0,285.49934911727905
PSIS Experiment Map,96372106,0,32,10737312,True,True,True,1.0,173.04796695709229,0.02589869499206543,1,58,1203,1203,0,1203,1203,1203,0,max,1203,Min Best Case,No Change,0,1197,1197,83,0.3855421686746988,0,173.05979013442993
PSIS Experiment Map,96372106,0,32,10737313,True,True,True,1.0,186.3302023410797,0.019024372100830078,1,439,1147,1147,0,1147,1147,1147,0,max,1147,Min Best Case,No Change,0,1136,1136,63,0.5079365079365079,0,186.336998462677
PSIS Experiment Map,96372106,0,32,10737314,True,True,True,1.0,-1,-1,0,22,-1,-1,-1,-1,-1,-1,-1,max,-1,Min Best Case,No Change,0,-1,-1,-1,-1,-1,-1
PSIS Experiment Map,96372106,0,32,10737315,True,True,True,1.0,238.18847823143005,0.018545866012573242,1,189,1083,1083,0,1083,1083,1083,0,max,1083,Min Best Case,No Change,0,1077,1077,64,0.5,0,238.19556498527527
PSIS Experiment Map,96372106,0,8,10737296,True,True,True,1.0,0.0029175281524658203,0.003612041473388672,1,1,312,312,0,312,312,312,0,max,312,Min Best Case,No Change,0,-1,-1,58,0.13793103448275862,0,0.00398564338684082
PSIS Experiment Map,96372106,0,8,10737297,True,True,True,1.0,0.003045320510864258,0.003514528274536133,1,1,328,328,0,328,328,328,0,max,328,Min Best Case,No Change,0,-1,-1,68,0.11764705882352941,0,0.004048824310302734
PSIS Experiment Map,96372106,0,8,10737298,True,True,True,1.0,0.0022537708282470703,0.002546548843383789,1,1,227,227,0,227,227,227,0,max,227,Min Best Case,No Change,0,-1,-1,53,0.1509433962264151,0,0.0030164718627929688
PSIS Experiment Map,96372106,0,8,10737299,True,True,True,1.0,0.012881278991699219,0.004178047180175781,1,2,291,291,0,291,291,291,0,max,291,Min Best Case,No Change,0,-1,-1,65,0.12307692307692308,0,0.014507770538330078
PSIS Experiment Map,96372106,0,8,10737300,True,True,True,1.0,0.0019905567169189453,0.002899646759033203,1,1,219,219,0,219,219,219,0,max,219,Min Best Case,No Change,0,-1,-1,62,0.12903225806451613,0,0.003081083297729492
PSIS Experiment Map,96372106,0,8,10737301,True,True,True,1.0,0.008689641952514648,0.0048067569732666016,1,3,283,283,0,283,283,283,0,max,283,Min Best Case,No Change,0,-1,-1,53,0.1509433962264151,0,0.009822607040405273
PSIS Experiment Map,96372106,0,8,10737302,True,True,True,1.0,0.0053021907806396484,0.00393223762512207,1,3,341,341,0,341,341,341,0,max,341,Min Best Case,No Change,0,-1,-1,60,0.13333333333333333,0,0.006304502487182617
PSIS Experiment Map,96372106,0,8,10737303,True,True,True,1.0,0.015002012252807617,0.0040209293365478516,1,2,331,331,0,331,331,331,0,max,331,Min Best Case,No Change,0,-1,-1,85,0.09411764705882353,0,0.016248226165771484
PSIS Experiment Map,96372106,0,8,10737304,True,True,True,1.0,0.04854273796081543,0.004683494567871094,1,14,350,350,0,350,350,350,0,max,350,Min Best Case,No Change,0,-1,-1,60,0.13333333333333333,0,0.0497584342956543
PSIS Experiment Map,96372106,0,8,10737305,True,True,True,1.0,0.005972862243652344,0.003389120101928711,1,2,299,299,0,299,299,299,0,max,299,Min Best Case,No Change,0,-1,-1,70,0.11428571428571428,0,0.0069921016693115234
PSIS Experiment Map,96372106,0,8,10737306,True,True,True,1.0,0.006799221038818359,0.007191896438598633,1,2,273,273,0,273,273,273,0,max,273,Min Best Case,No Change,0,-1,-1,63,0.12698412698412698,0,0.011454343795776367
PSIS Experiment Map,96372106,0,8,10737307,True,True,True,1.0,0.002351045608520508,0.003979921340942383,1,1,251,251,0,251,251,251,0,max,251,Min Best Case,No Change,0,-1,-1,69,0.11594202898550725,0,0.00417637825012207
PSIS Experiment Map,96372106,0,8,10737308,True,True,True,1.0,0.01701211929321289,0.0041081905364990234,1,5,337,337,0,337,337,337,0,max,337,Min Best Case,No Change,0,-1,-1,64,0.125,0,0.01809096336364746
PSIS Experiment Map,96372106,0,8,10737309,True,True,True,1.0,0.012624502182006836,0.0029144287109375,1,2,232,232,0,232,232,232,0,max,232,Min Best Case,No Change,0,-1,-1,51,0.1568627450980392,0,0.013430356979370117
PSIS Experiment Map,96372106,0,8,10737310,True,True,True,1.0,0.07754325866699219,0.004488706588745117,1,17,317,317,0,317,317,317,0,max,317,Min Best Case,No Change,0,-1,-1,56,0.14285714285714285,0,0.07877969741821289
PSIS Experiment Map,96372106,0,8,10737311,True,True,True,1.0,0.002345561981201172,0.0037381649017333984,1,1,251,251,0,251,251,251,0,max,251,Min Best Case,No Change,0,-1,-1,63,0.12698412698412698,0,0.003549814224243164
PSIS Experiment Map,96372106,0,8,10737312,True,True,True,1.0,0.006195783615112305,0.0035064220428466797,1,1,293,293,0,293,293,293,0,max,293,Min Best Case,No Change,0,-1,-1,83,0.0963855421686747,0,0.007413625717163086
PSIS Experiment Map,96372106,0,8,10737313,True,True,True,1.0,0.008076190948486328,0.003312826156616211,1,2,283,283,0,283,283,283,0,max,283,Min Best Case,No Change,0,-1,-1,63,0.12698412698412698,0,0.009031295776367188
PSIS Experiment Map,96372106,0,8,10737314,True,True,True,1.0,0.011273384094238281,0.0026433467864990234,1,7,180,180,0,180,180,180,0,max,180,Min Best Case,No Change,0,-1,-1,38,0.21052631578947367,0,0.012179851531982422
PSIS Experiment Map,96372106,0,8,10737315,True,True,True,1.0,0.017173051834106445,0.004131793975830078,1,4,343,343,0,343,343,343,0,max,343,Min Best Case,No Change,0,-1,-1,59,0.13559322033898305,0,0.018398523330688477
PSIS Experiment Map,96372106,0,16,10737296,True,True,True,1.0,0.029043197631835938,0.009577274322509766,1,9,543,543,0,543,543,543,0,max,543,Min Best Case,No Change,0,543,543,58,0.27586206896551724,1,0.03313016891479492
PSIS Experiment Map,96372106,0,16,10737297,True,True,True,1.0,2.2432665824890137,0.012129068374633789,1,19,630,630,0,630,630,630,0,max,630,Min Best Case,No Change,0,627,627,68,0.23529411764705882,0,2.2489280700683594
PSIS Experiment Map,96372106,0,16,10737298,True,True,True,1.0,0.11913514137268066,0.00669407844543457,1,8,441,441,0,441,441,441,0,max,441,Min Best Case,No Change,0,441,441,53,0.3018867924528302,0,0.12176966667175293
PSIS Experiment Map,96372106,0,16,10737299,True,True,True,1.0,0.016411542892456055,0.0058612823486328125,1,6,454,454,0,454,454,454,0,max,454,Min Best Case,No Change,0,454,454,65,0.24615384615384617,0,0.01842522621154785
PSIS Experiment Map,96372106,0,16,10737300,True,True,True,1.0,1.1381678581237793,0.007614850997924805,1,7,492,492,0,492,492,492,0,max,492,Min Best Case,No Change,0,492,492,64,0.25,0,1.1412415504455566
PSIS Experiment Map,96372106,0,16,10737301,True,True,True,1.0,2.489439010620117,0.008194446563720703,1,12,637,637,0,637,637,637,0,max,637,Min Best Case,No Change,0,633,633,64,0.25,0,2.4918997287750244
PSIS Experiment Map,96372106,0,16,10737302,True,True,True,1.0,0.018805980682373047,0.007134199142456055,1,4,585,585,0,585,585,585,0,max,585,Min Best Case,No Change,0,584,584,60,0.26666666666666666,0,0.0209810733795166
PSIS Experiment Map,96372106,0,16,10737303,True,True,True,1.0,0.1134026050567627,0.01776885986328125,1,10,649,649,0,649,649,649,0,max,649,Min Best Case,No Change,0,649,649,85,0.18823529411764706,0,0.12032032012939453
PSIS Experiment Map,96372106,0,16,10737304,True,True,True,1.0,4.110661268234253,0.018566370010375977,1,60,683,683,0,683,683,683,0,max,683,Min Best Case,No Change,0,675,675,67,0.23880597014925373,0,4.115437746047974
PSIS Experiment Map,96372106,0,16,10737305,True,True,True,1.0,0.061501502990722656,0.010912656784057617,1,7,611,611,0,611,611,611,0,max,611,Min Best Case,No Change,0,610,610,70,0.22857142857142856,0,0.06566834449768066
PSIS Experiment Map,96372106,0,16,10737306,True,True,True,1.0,0.5854945182800293,0.010825634002685547,1,46,574,574,0,574,574,574,0,max,574,Min Best Case,No Change,0,570,570,63,0.25396825396825395,0,0.5893254280090332
PSIS Experiment Map,96372106,0,16,10737307,True,True,True,1.0,0.006990671157836914,0.006502389907836914,1,2,488,488,0,488,488,488,0,max,488,Min Best Case,No Change,0,488,488,69,0.2318840579710145,0,0.009107828140258789
PSIS Experiment Map,96372106,0,16,10737308,True,True,True,1.0,0.8390562534332275,0.009767532348632812,1,5,491,491,0,491,491,491,0,max,491,Min Best Case,No Change,0,491,491,64,0.25,0,0.8417232036590576
PSIS Experiment Map,96372106,0,16,10737309,True,True,True,1.0,0.2749292850494385,0.00862431526184082,1,13,464,464,0,464,464,464,0,max,464,Min Best Case,No Change,0,464,464,51,0.3137254901960784,0,0.27785515785217285
PSIS Experiment Map,96372106,0,16,10737310,True,True,True,1.0,17.343015670776367,0.009484052658081055,1,21,655,655,0,655,655,655,0,max,655,Min Best Case,No Change,0,651,651,68,0.23529411764705882,0,17.346274852752686
PSIS Experiment Map,96372106,0,16,10737311,True,True,True,1.0,0.7612202167510986,0.007960081100463867,1,10,514,514,0,514,514,514,0,max,514,Min Best Case,No Change,0,510,510,63,0.25396825396825395,0,0.7637760639190674
PSIS Experiment Map,96372106,0,16,10737312,True,True,True,1.0,2.5007948875427246,0.010788440704345703,1,9,520,520,0,520,520,520,0,max,520,Min Best Case,No Change,0,520,520,83,0.1927710843373494,0,2.505565643310547
PSIS Experiment Map,96372106,0,16,10737313,True,True,True,1.0,0.02636408805847168,0.007698774337768555,1,9,565,565,0,565,565,565,0,max,565,Min Best Case,No Change,0,564,564,63,0.25396825396825395,0,0.02877950668334961
PSIS Experiment Map,96372106,0,16,10737314,True,True,True,1.0,0.10556626319885254,0.006005764007568359,1,19,381,381,0,381,381,381,0,max,381,Min Best Case,No Change,0,376,376,44,0.36363636363636365,0,0.10758161544799805
PSIS Experiment Map,96372106,0,16,10737315,True,True,True,1.0,0.16074562072753906,0.00901937484741211,1,22,625,625,0,625,625,625,0,max,625,Min Best Case,No Change,0,622,622,62,0.25806451612903225,0,0.16374659538269043
PSIS Experiment Map,96372106,0,64,10737296,True,True,True,1.0,-1,-1,0,243,-1,-1,-1,-1,-1,-1,-1,max,-1,Min Best Case,No Change,0,-1,-1,-1,-1,-1,-1
PSIS Experiment Map,96372106,0,64,10737297,True,True,True,1.0,-1,-1,0,899,-1,-1,-1,-1,-1,-1,-1,max,-1,Min Best Case,No Change,0,-1,-1,-1,-1,-1,-1
PSIS Experiment Map,96372106,0,64,10737298,True,True,True,1.0,-1,-1,0,155,-1,-1,-1,-1,-1,-1,-1,max,-1,Min Best Case,No Change,0,-1,-1,-1,-1,-1,-1
PSIS Experiment Map,96372106,0,64,10737299,True,True,True,1.0,-1,-1,0,477,-1,-1,-1,-1,-1,-1,-1,max,-1,Min Best Case,No Change,0,-1,-1,-1,-1,-1,-1
PSIS Experiment Map,96372106,0,64,10737300,True,True,True,1.0,-1,-1,0,1669,-1,-1,-1,-1,-1,-1,-1,max,-1,Min Best Case,No Change,0,-1,-1,-1,-1,-1,-1
PSIS Experiment Map,96372106,0,64,10737301,True,True,True,1.0,-1,-1,0,1643,-1,-1,-1,-1,-1,-1,-1,max,-1,Min Best Case,No Change,0,-1,-1,-1,-1,-1,-1
PSIS Experiment Map,96372106,0,64,10737302,True,True,True,1.0,-1,-1,0,425,-1,-1,-1,-1,-1,-1,-1,max,-1,Min Best Case,No Change,0,-1,-1,-1,-1,-1,-1
PSIS Experiment Map,96372106,0,64,10737303,True,True,True,1.0,-1,-1,0,383,-1,-1,-1,-1,-1,-1,-1,max,-1,Min Best Case,No Change,0,-1,-1,-1,-1,-1,-1
PSIS Experiment Map,96372106,0,64,10737304,True,True,True,1.0,-1,-1,0,1471,-1,-1,-1,-1,-1,-1,-1,max,-1,Min Best Case,No Change,0,-1,-1,-1,-1,-1,-1
PSIS Experiment Map,96372106,0,64,10737305,True,True,True,1.0,-1,-1,0,145,-1,-1,-1,-1,-1,-1,-1,max,-1,Min Best Case,No Change,0,-1,-1,-1,-1,-1,-1
PSIS Experiment Map,96372106,0,64,10737306,True,True,True,1.0,-1,-1,0,937,-1,-1,-1,-1,-1,-1,-1,max,-1,Min Best Case,No Change,0,-1,-1,-1,-1,-1,-1
PSIS Experiment Map,96372106,0,64,10737307,True,True,True,1.0,-1,-1,0,226,-1,-1,-1,-1,-1,-1,-1,max,-1,Min Best Case,No Change,0,-1,-1,-1,-1,-1,-1
PSIS Experiment Map,96372106,0,64,10737308,True,True,True,1.0,-1,-1,0,533,-1,-1,-1,-1,-1,-1,-1,max,-1,Min Best Case,No Change,0,-1,-1,-1,-1,-1,-1
PSIS Experiment Map,96372106,0,64,10737309,True,True,True,1.0,-1,-1,0,543,-1,-1,-1,-1,-1,-1,-1,max,-1,Min Best Case,No Change,0,-1,-1,-1,-1,-1,-1
PSIS Experiment Map,96372106,0,64,10737310,True,True,True,1.0,-1,-1,0,905,-1,-1,-1,-1,-1,-1,-1,max,-1,Min Best Case,No Change,0,-1,-1,-1,-1,-1,-1
PSIS Experiment Map,96372106,0,64,10737311,True,True,True,1.0,-1,-1,0,188,-1,-1,-1,-1,-1,-1,-1,max,-1,Min Best Case,No Change,0,-1,-1,-1,-1,-1,-1
PSIS Experiment Map,96372106,0,64,10737312,True,True,True,1.0,-1,-1,0,523,-1,-1,-1,-1,-1,-1,-1,max,-1,Min Best Case,No Change,0,-1,-1,-1,-1,-1,-1
PSIS Experiment Map,96372106,0,64,10737313,True,True,True,1.0,-1,-1,0,437,-1,-1,-1,-1,-1,-1,-1,max,-1,Min Best Case,No Change,0,-1,-1,-1,-1,-1,-1
PSIS Experiment Map,96372106,0,64,10737314,True,True,True,1.0,-1,-1,0,1289,-1,-1,-1,-1,-1,-1,-1,max,-1,Min Best Case,No Change,0,-1,-1,-1,-1,-1,-1
PSIS Experiment Map,96372106,0,64,10737315,True,True,True,1.0,-1,-1,0,2193,-1,-1,-1,-1,-1,-1,-1,max,-1,Min Best Case,No Change,0,-1,-1,-1,-1,-1,-1
